phone,name,email
6952029800,Pren Lamping,plamping0@newsvine.com
3706789440,Sigfrid Davidai,sdavidai1@bizjournals.com
8247588562,Mickey Lawles,mlawles2@businessweek.com
7632941724,Bryn Gerriets,bgerriets3@github.io
7276761599,Shelden Huckabe,shuckabe4@ehow.com
4074377157,Joete Hammor,jhammor5@apple.com
1911649666,Sylvia Cooch,scooch6@lulu.com
8708602765,Andras Haseman,ahaseman7@arstechnica.com
6518056573,Zarla Southwood,zsouthwood8@examiner.com
1063684122,Vanessa Ilyinykh,vilyinykh9@goo.ne.jp
8655593003,Davie Toretta,dtorettaa@hc360.com
8731068133,Hammad Bratty,hbrattyb@wsj.com
7114898427,Marcelle Theseira,mtheseirac@barnesandnoble.com
7631293336,Felipa Westhofer,fwesthoferd@gravatar.com
6803762561,Ursa Peasee,upeaseee@wunderground.com
1591836407,Charmion Fredi,cfredif@washingtonpost.com
8404419177,Colette Wilsone,cwilsoneg@cnbc.com
7808001339,Charleen Scard,cscardh@utexas.edu
7605605436,Aluino Newcomb,anewcombi@cnn.com
8931255650,Sonny McKinie,smckiniej@is.gd
7262348907,Dorine Brugh,dbrughk@sun.com
6594118987,Brnaba Tuminini,btumininil@arizona.edu
5558018666,Sandi Langhor,slanghorm@ustream.tv
5293577339,Missy Tilt,mtiltn@fda.gov
3988502083,Lorianna Balmadier,lbalmadiero@surveymonkey.com
7137524655,Elaine Dalston,edalstonp@usgs.gov
9255303800,Julissa Meates,jmeatesq@archive.org
8075225946,Elvis Whitmarsh,ewhitmarshr@usnews.com
6301643628,Jenifer Klehn,jklehns@discuz.net
7465088641,Thelma Aherne,tahernet@adobe.com
2109959871,Joelle Konzelmann,jkonzelmannu@e-recht24.de
8344794465,Thia Bernet,tbernetv@ft.com
3595155928,Johna Rockcliffe,jrockcliffew@adobe.com
5194420756,Cathryn Tal,ctalx@wikimedia.org
3715414775,Mariejeanne Loreit,mloreity@shinystat.com
8917903773,Evania Casbon,ecasbonz@bloomberg.com
7066270315,Leela Blumson,lblumson10@storify.com
2485532962,Valry Jewers,vjewers11@alibaba.com
2115288141,Eduard Looker,elooker12@un.org
6512389250,Regan Laingmaid,rlaingmaid13@msn.com
1559884970,Abelard Macer,amacer14@addthis.com
4694911306,Aldwin Grayson,agrayson15@jigsy.com
6651475206,Alonso Gilliatt,agilliatt16@prweb.com
4722091806,Philippine Gonzales,pgonzales17@trellian.com
4044202293,Analise Demaine,ademaine18@gizmodo.com
6907861399,Krisha Mea,kmea19@ucoz.com
6908033366,Iver Bleddon,ibleddon1a@hubpages.com
3584610537,Staci Giocannoni,sgiocannoni1b@epa.gov
7733319008,Aldin Cooke,acooke1c@jalbum.net
4617702060,Carlee August,caugust1d@bandcamp.com
7911112520,Roldan O'Shaughnessy,roshaughnessy1e@list-manage.com
9488894336,Nessy MacAndreis,nmacandreis1f@ed.gov
4564659898,Foster Holleran,fholleran1g@nih.gov
6585880922,Pascale Valentinetti,pvalentinetti1h@reverbnation.com
1607324152,Cele Timperley,ctimperley1i@oracle.com
7968009644,Bart Glazer,bglazer1j@zdnet.com
5014726281,Sophi Semken,ssemken1k@istockphoto.com
2529073725,Corbin Dell Casa,cdellcasa1l@whitehouse.gov
5249368452,Bentlee Hazael,bhazael1m@chicagotribune.com
7067693052,Godart Chaldecott,gchaldecott1n@surveymonkey.com
8559489530,Kayle Quimby,kquimby1o@gmpg.org
1718658548,Wilow Nutt,wnutt1p@xing.com
4839696345,Willy Brimblecomb,wbrimblecomb1q@auda.org.au
1802140918,Monroe Caldecutt,mcaldecutt1r@java.com
9275408551,Radcliffe Place,rplace1s@dedecms.com
5755290358,Nikolai Gwyther,ngwyther1t@posterous.com
3546883496,Theo Johanning,tjohanning1u@prnewswire.com
8579535942,Mahalia Mallon,mmallon1v@businessweek.com
2983006436,Umberto Lunge,ulunge1w@jigsy.com
4745934031,Ree Codi,rcodi1x@bloglovin.com
2395581505,Edee Lidgerton,elidgerton1y@vkontakte.ru
4235757776,Robina Leivesley,rleivesley1z@youtu.be
3004950553,Whitby Jerzyk,wjerzyk20@reddit.com
1951962486,Brenna Monier,bmonier21@europa.eu
9783273844,Hiram Egdell,hegdell22@wikimedia.org
6566163883,Anabella Sansbury,asansbury23@opensource.org
7412546732,Marchall Tybalt,mtybalt24@mediafire.com
9043067833,Mindy Wheelhouse,mwheelhouse25@foxnews.com
8416077743,Maurene Romeril,mromeril26@amazon.com
9521302959,Jacki Gonzalo,jgonzalo27@pagesperso-orange.fr
2198277389,Jammal Matteris,jmatteris28@dailymail.co.uk
9688445006,Aggie Trett,atrett29@sogou.com
3925594991,Dudley Tarn,dtarn2a@gov.uk
1013923808,Verge Haster,vhaster2b@qq.com
6512635960,Brett Colbourne,bcolbourne2c@clickbank.net
4495254281,Lindy Ortas,lortas2d@cnet.com
4239565824,Rubie Hurdle,rhurdle2e@cbslocal.com
4443719237,Opal O'dell,oodell2f@skyrock.com
1438455401,Errol Harragin,eharragin2g@bizjournals.com
2112659707,Keene Yellep,kyellep2h@reddit.com
2698886395,Roberta Steffans,rsteffans2i@walmart.com
4284272844,Veronica Hansel,vhansel2j@nih.gov
6849338407,Werner Pucknell,wpucknell2k@nationalgeographic.com
3044478196,Lilas Tinwell,ltinwell2l@squarespace.com
3092962452,Chryste Wayvill,cwayvill2m@exblog.jp
7841404878,Adan Radin,aradin2n@elegantthemes.com
5419859340,Jocelyn Paice,jpaice2o@friendfeed.com
2389305776,Anthia Louisot,alouisot2p@blogtalkradio.com
6826321613,Benjamen Cawthera,bcawthera2q@go.com
7418031639,Sheryl Eisig,seisig2r@cocolog-nifty.com
9271508414,Antoine Darlow,adarlow2s@theguardian.com
4321837061,Elyn Lorrie,elorrie2t@omniture.com
9804645635,Kim Henrichs,khenrichs2u@yellowbook.com
8127703851,Sterne Bascomb,sbascomb2v@over-blog.com
4246923378,Trevar MacCafferty,tmaccafferty2w@privacy.gov.au
3223901033,Warden Morling,wmorling2x@timesonline.co.uk
8095726697,Teddie Sauven,tsauven2y@google.com.hk
7766208987,Pierce Michelotti,pmichelotti2z@mayoclinic.com
4101327015,Beatrix Boerder,bboerder30@about.com
1581054595,Dal Bellfield,dbellfield31@sbwire.com
2453863568,Melicent Delnevo,mdelnevo32@goodreads.com
4194671582,Shina Le Gallo,slegallo33@usnews.com
6934737375,Flossi Lutman,flutman34@theglobeandmail.com
9124992552,Celisse Gabbitas,cgabbitas35@so-net.ne.jp
4433309704,Theresita Ianniello,tianniello36@issuu.com
2983528222,Mortimer Toffetto,mtoffetto37@imgur.com
4735228977,Ewell Caygill,ecaygill38@accuweather.com
9793897235,Kasper Beddis,kbeddis39@buzzfeed.com
3938197393,Kenna Eloi,keloi3a@disqus.com
9478697107,Elfreda Douris,edouris3b@linkedin.com
3864994669,Maynard Gatus,mgatus3c@blogger.com
6379584215,Fidelity Crisell,fcrisell3d@photobucket.com
2853070748,Gardy Cartwright,gcartwright3e@answers.com
7572284828,Giuseppe Banishevitz,gbanishevitz3f@sfgate.com
4144512264,Dory Windle,dwindle3g@squarespace.com
3148172597,Daisey Mandel,dmandel3h@nhs.uk
8784376865,Gray Cominoli,gcominoli3i@epa.gov
1229820356,Archie Beszant,abeszant3j@ycombinator.com
1994929010,Joana Darbey,jdarbey3k@discovery.com
5721980958,Crawford Cockerton,ccockerton3l@youku.com
4107326998,Edmund Spino,espino3m@pcworld.com
1429725443,Kerianne Cracknall,kcracknall3n@dailymail.co.uk
1045573514,Mariejeanne Towson,mtowson3o@reverbnation.com
4641910117,Cassius Dietsche,cdietsche3p@google.com.br
9365031378,Zea Dowry,zdowry3q@mlb.com
1845934615,Tabor Wrate,twrate3r@va.gov
1415247959,Sammie Gallemore,sgallemore3s@exblog.jp
7699832469,Roslyn Diano,rdiano3t@boston.com
2679278846,Lottie Spurway,lspurway3u@twitpic.com
6154471220,Merle Cordel,mcordel3v@tinypic.com
3289519881,Horatio Lawler,hlawler3w@shop-pro.jp
6716556321,Ardenia Winsborrow,awinsborrow3x@bloglovin.com
4635431276,Inna Mason,imason3y@hud.gov
7802279430,Travis Conlaund,tconlaund3z@zimbio.com
2091437290,Micheil Lahive,mlahive40@economist.com
1946781552,Beatrisa Kingswood,bkingswood41@europa.eu
4784749898,Tiler Parell,tparell42@ebay.com
9768792100,Annalise Izod,aizod43@nps.gov
9714287799,Forest Skillanders,fskillanders44@sbwire.com
4288215552,Kacy Maddinon,kmaddinon45@t-online.de
6668460598,Niccolo Burnapp,nburnapp46@deviantart.com
5477958452,Thalia Fransman,tfransman47@blog.com
3884602204,Raf McKeady,rmckeady48@tripod.com
2787260030,Fredelia Tupling,ftupling49@dedecms.com
4557851074,Barde Lias,blias4a@flickr.com
5035339606,Ephrayim Hail,ehail4b@businessinsider.com
6065400685,Adolpho Collumbine,acollumbine4c@liveinternet.ru
2608437573,Kora Fitzharris,kfitzharris4d@patch.com
3337955550,Sunshine Rossbrooke,srossbrooke4e@irs.gov
7887408636,Wallis Dix,wdix4f@slate.com
4494004164,Caye Chater,cchater4g@typepad.com
7495753105,Coralie Haldon,chaldon4h@springer.com
2128354385,Cornelius Stockton,cstockton4i@si.edu
1929284985,Matti Dickons,mdickons4j@ucsd.edu
2374231979,Josie Carnegy,jcarnegy4k@upenn.edu
9678651190,Monte Rowles,mrowles4l@eepurl.com
7711294489,Ade Schuler,aschuler4m@jimdo.com
1501599845,Hillary Kenwin,hkenwin4n@ibm.com
7896040578,Patty Faustian,pfaustian4o@soundcloud.com
5453607798,Demetrius Pullar,dpullar4p@bluehost.com
2952251410,Kip Dust,kdust4q@cmu.edu
5521072386,Beckie Schulze,bschulze4r@irs.gov
3264824786,Huntington Farans,hfarans4s@desdev.cn
6368121433,Kip Gallahue,kgallahue4t@adobe.com
2173310569,Diena Vigietti,dvigietti4u@aboutads.info
3618028155,Yettie Nudds,ynudds4v@comsenz.com
3951307399,Sophronia Cardoe,scardoe4w@webs.com
7543063859,Mitchel Gammill,mgammill4x@youtube.com
2451580480,Christoffer Danshin,cdanshin4y@nhs.uk
2537282537,Consalve Mobius,cmobius4z@alexa.com
9275475837,Jammie Morant,jmorant50@com.com
5515061136,Dougie Gilkison,dgilkison51@va.gov
9675662317,Alli Tuffley,atuffley52@a8.net
1303189744,Meyer Linton,mlinton53@surveymonkey.com
9137904457,Gwenette Ternault,gternault54@yelp.com
5651654192,Mirabel Caffery,mcaffery55@seesaa.net
2497057817,Dareen Beacham,dbeacham56@goodreads.com
3623987746,Dulsea Cardinale,dcardinale57@constantcontact.com
2174741267,Alexio Pessolt,apessolt58@usgs.gov
8682866820,Kellen Duignan,kduignan59@creativecommons.org
2936265028,Duane Jindrak,djindrak5a@squarespace.com
9386181560,Rosalinde MacKenney,rmackenney5b@sfgate.com
4983255136,Salvatore Cham,scham5c@blinklist.com
1849768362,Hortense Van Daalen,hvandaalen5d@ovh.net
3106137163,Helen Edyson,hedyson5e@cbsnews.com
5184911128,Conroy Tipler,ctipler5f@mlb.com
6527129339,Vassili Manning,vmanning5g@jiathis.com
8489690691,Tobie Janu,tjanu5h@nba.com
3672398467,Cassaundra Marishenko,cmarishenko5i@quantcast.com
9242573317,Robert Mayward,rmayward5j@ed.gov
8486734420,Rebeka Ensley,rensley5k@thetimes.co.uk
9971669975,Sari Cruz,scruz5l@craigslist.org
4613011630,Cassie MacDaid,cmacdaid5m@wsj.com
6211718526,Antonin Mulkerrins,amulkerrins5n@last.fm
6975133729,Cassondra Wallwood,cwallwood5o@eventbrite.com
7148228404,Reggie Manifould,rmanifould5p@ted.com
8223023163,Wyatt Sturman,wsturman5q@sun.com
6868311876,Gill Morrieson,gmorrieson5r@networkadvertising.org
3562004165,Matilda Kem,mkem5s@zimbio.com
5105867711,Sandy Lewsie,slewsie5t@behance.net
9938151866,Nerti Tampen,ntampen5u@engadget.com
5202236207,Fremont Gotcliff,fgotcliff5v@marketwatch.com
2466008164,Kendell Bangham,kbangham5w@sourceforge.net
2348311230,Alvan Shoveller,ashoveller5x@drupal.org
4716914921,Trevor Ellph,tellph5y@cdbaby.com
5253729519,Abrahan Josofovitz,ajosofovitz5z@mit.edu
2582537816,Emera Sowrah,esowrah60@wsj.com
7368643961,Jasmina Duplock,jduplock61@alibaba.com
3888485542,Arel Tarbatt,atarbatt62@wordpress.com
3632629137,Franzen Tremoille,ftremoille63@twitpic.com
6112450001,Hilly Chong,hchong64@istockphoto.com
2523168847,Eleonore Beviss,ebeviss65@disqus.com
2039857395,Crissie Bastard,cbastard66@de.vu
8632310729,Thea Kopelman,tkopelman67@liveinternet.ru
6441632827,Joellen Reddings,jreddings68@typepad.com
5808844269,Ardelis Eixenberger,aeixenberger69@squarespace.com
8295771662,Daisie Strutton,dstrutton6a@paypal.com
9014263440,Layne Clem,lclem6b@cdbaby.com
5407158182,Grata Venning,gvenning6c@bluehost.com
4628168464,Inna Pressnell,ipressnell6d@typepad.com
9178896541,Amberly Moniker,amoniker6e@chicagotribune.com
2678257878,Andonis Gudgion,agudgion6f@ocn.ne.jp
1636777693,Poul Bitten,pbitten6g@oaic.gov.au
4356498749,Gayelord Lefridge,glefridge6h@myspace.com
6213065276,Marianna Loxdale,mloxdale6i@globo.com
9553975964,Reid Woodrooffe,rwoodrooffe6j@pcworld.com
9412700989,Annadiane Stapleford,astapleford6k@bandcamp.com
8726070910,Adair MacArd,amacard6l@tinyurl.com
3195826742,Clea Files,cfiles6m@scribd.com
5513892567,Peirce Ashwood,pashwood6n@slate.com
1525337256,Egan Seawell,eseawell6o@networksolutions.com
5053488797,Genny Fairbeard,gfairbeard6p@wp.com
4491835644,Anders Bottrill,abottrill6q@fema.gov
9158144685,Dickie Falkner,dfalkner6r@pen.io
6626640108,Eugenius Houson,ehouson6s@google.es
6223740910,Ruprecht Barmby,rbarmby6t@fastcompany.com
5579060299,Georgianna Winchester,gwinchester6u@cnet.com
3923312862,Pat Aubury,paubury6v@census.gov
1382158470,Rhodie Stembridge,rstembridge6w@buzzfeed.com
7668735389,Virgil Skentelbery,vskentelbery6x@umn.edu
1675260916,Esme Lauderdale,elauderdale6y@ow.ly
7686486717,Ilsa Dallman,idallman6z@360.cn
4613627387,Lindsey Orange,lorange70@pbs.org
4471029892,Reggy Boxell,rboxell71@ning.com
7628066766,Dav Knibbs,dknibbs72@technorati.com
7226482062,Ninnette Curthoys,ncurthoys73@pagesperso-orange.fr
8599585915,Darill Laurenz,dlaurenz74@nhs.uk
6985476315,Sheelagh Pithcock,spithcock75@hao123.com
4142957663,Fionna Kordova,fkordova76@jugem.jp
9414297469,Elisha Botwood,ebotwood77@whitehouse.gov
3678491471,Mella Karpushkin,mkarpushkin78@ucla.edu
3736450753,Silvio Sewall,ssewall79@army.mil
7884188854,Licha Schultze,lschultze7a@addthis.com
1712971552,Lydia Evens,levens7b@over-blog.com
1584641467,Nonie Gwillim,ngwillim7c@prweb.com
3654240848,Farrah Lashford,flashford7d@bandcamp.com
2247585060,Loralyn Spicer,lspicer7e@mlb.com
7365460622,Korey Siley,ksiley7f@admin.ch
4641071780,Pauli Doddrell,pdoddrell7g@washington.edu
9176983523,Amandie Baillie,abaillie7h@studiopress.com
8312986048,Eleanore Bullin,ebullin7i@skyrock.com
6807943273,Kristan Idwal Evans,kidwalevans7j@instagram.com
9273532458,Tawnya Kembry,tkembry7k@about.com
1272675613,Alysia Benthall,abenthall7l@printfriendly.com
9025634837,Meaghan Vice,mvice7m@rakuten.co.jp
5677234409,Nealy Jansa,njansa7n@shareasale.com
6893252440,Alfons Spears,aspears7o@washington.edu
2979291473,Gib Danneil,gdanneil7p@hao123.com
2749216083,Susette Ranscome,sranscome7q@4shared.com
3678316342,Desiree Kasher,dkasher7r@t-online.de
9351185955,Anabelle Spadelli,aspadelli7s@bizjournals.com
7795790677,Jenda Summergill,jsummergill7t@usnews.com
5741270089,Sada Jacobowicz,sjacobowicz7u@usnews.com
4169551272,Gage Hamlyn,ghamlyn7v@aol.com
8193342479,Mac Klimpt,mklimpt7w@squarespace.com
3819103089,Robinetta Balogun,rbalogun7x@i2i.jp
6761128164,Samuele Karczinski,skarczinski7y@naver.com
1723933134,Aurthur Schiell,aschiell7z@webnode.com
5591167771,Filia Riggoll,friggoll80@cbc.ca
3738110266,Niki Twells,ntwells81@sfgate.com
9278485647,Wakefield Nicklen,wnicklen82@ustream.tv
2696220371,Dino Doppler,ddoppler83@github.io
7423269711,Jamil Camili,jcamili84@bbc.co.uk
2615268674,Alyson Lawday,alawday85@shinystat.com
8283365843,Theodore Pillman,tpillman86@1und1.de
8576535518,Gene Cursons,gcursons87@mtv.com
6725963852,Jewell Wadmore,jwadmore88@soup.io
3551822277,Stephie O'Spillane,sospillane89@usatoday.com
9181327746,Lem Kenyon,lkenyon8a@mapquest.com
6012633520,Aeriela Noriega,anoriega8b@cdc.gov
9147831345,Gwendolin Lamberto,glamberto8c@cisco.com
8304073515,Anderson Scowcraft,ascowcraft8d@twitter.com
6439929460,Atlante Leahy,aleahy8e@furl.net
1382780378,Rollins Doyland,rdoyland8f@cargocollective.com
7329099465,Janka Flacknoe,jflacknoe8g@meetup.com
9263831118,Maryjo Asee,masee8h@creativecommons.org
3035805504,Siffre Pymar,spymar8i@w3.org
6156993442,Carlita Whittington,cwhittington8j@europa.eu
7662579343,Vivyan Theaker,vtheaker8k@state.gov
4376192993,Rusty Killen,rkillen8l@nps.gov
5203427498,Nanni Witcher,nwitcher8m@meetup.com
2013277054,Reade Killbey,rkillbey8n@cargocollective.com
3636978779,Adaline Kittless,akittless8o@seattletimes.com
5851178367,Sandi Rosberg,srosberg8p@mayoclinic.com
1594169486,Nanny Fealey,nfealey8q@nyu.edu
1344274466,Odo Thomas,othomas8r@wp.com
9208913408,Maris Ivain,mivain8s@tmall.com
2422240888,Germaine Dahlen,gdahlen8t@barnesandnoble.com
2557346920,Else Dagon,edagon8u@abc.net.au
5797010227,Verina Dundendale,vdundendale8v@sbwire.com
3717166298,Adolf Legate,alegate8w@over-blog.com
9242472064,Bryan Badland,bbadland8x@mapy.cz
7302692569,Briny Benditt,bbenditt8y@yellowpages.com
1817379564,Sioux Salasar,ssalasar8z@edublogs.org
9084007655,Mara Hawtry,mhawtry90@jiathis.com
5196782002,Kaile Saville,ksaville91@answers.com
3166127517,Emmit Corston,ecorston92@hibu.com
3804800477,Dwayne Conduit,dconduit93@list-manage.com
3622325071,Doria Ingreda,dingreda94@naver.com
2259982524,Nana Carsberg,ncarsberg95@telegraph.co.uk
9936666656,Dottie Sterley,dsterley96@bluehost.com
4059912880,My Petofi,mpetofi97@baidu.com
1483984280,Addi Ames,aames98@smugmug.com
4092706076,Jacky Beddin,jbeddin99@so-net.ne.jp
6183050987,Darill De Domenici,ddedomenici9a@cpanel.net
9878093797,Trstram Weth,tweth9b@printfriendly.com
5441206046,Antonie Coleiro,acoleiro9c@bravesites.com
9983268183,Petra MacKeogh,pmackeogh9d@princeton.edu
1814721536,Fianna Billison,fbillison9e@slideshare.net
2471046686,Philip McClenaghan,pmcclenaghan9f@shinystat.com
3477522444,Charline Cracoe,ccracoe9g@addthis.com
2127823192,Adolpho Zylberdik,azylberdik9h@1688.com
8467708752,Gwenora Mapletoft,gmapletoft9i@domainmarket.com
6955023200,Rakel Pardon,rpardon9j@bigcartel.com
4827691689,Shena Stollen,sstollen9k@bloomberg.com
6141891594,Jerome Leppard,jleppard9l@51.la
3245166145,Misti Cabane,mcabane9m@spiegel.de
4477564048,Carey McIlreavy,cmcilreavy9n@prweb.com
6558246179,Clarey Chang,cchang9o@samsung.com
9766804691,Isahella Steutly,isteutly9p@oracle.com
9006844562,Dona Purton,dpurton9q@cam.ac.uk
6751821322,Dore Murphey,dmurphey9r@nifty.com
6562405731,Lyman Tampion,ltampion9s@unesco.org
9666740787,Leland Chasmer,lchasmer9t@ted.com
1757637821,Vincents Hefforde,vhefforde9u@booking.com
8459516175,Isabelita Skally,iskally9v@zdnet.com
5068495212,Warde Vedeshkin,wvedeshkin9w@hostgator.com
8725823017,Reynold Jobe,rjobe9x@gmpg.org
5284492609,Barnebas Gask,bgask9y@oaic.gov.au
2621929807,Forrest Chasemore,fchasemore9z@pagesperso-orange.fr
9734574106,Stephenie Persey,sperseya0@time.com
6122992901,Jacynth Oatley,joatleya1@cafepress.com
6799269009,Abbe Danilewicz,adanilewicza2@time.com
1408623849,Mahmud Cottage,mcottagea3@go.com
3871530118,Miof mela Couling,mcoulinga4@naver.com
9436488169,Nonnah Lorrain,nlorraina5@cpanel.net
9309162342,Beverie Gauson,bgausona6@imgur.com
4962190118,Lissie Covet,lcoveta7@forbes.com
4721049347,Krystle Server,kservera8@amazon.co.uk
2001228286,Chrissie Claus,cclausa9@delicious.com
8979368749,Bret Mattingson,bmattingsonaa@w3.org
6387270572,Sibylle Aulton,saultonab@fc2.com
5741822819,Deni Simonnot,dsimonnotac@alibaba.com
9072176460,Rowland Lensch,rlenschad@cdc.gov
9582372173,Peterus Tomblin,ptomblinae@bloomberg.com
6612956355,Edan Featonby,efeatonbyaf@webeden.co.uk
6374499256,Anatol Dickie,adickieag@google.es
3961651455,Virgilio Eymer,veymerah@meetup.com
4542915867,Cassandry Koop,ckoopai@cdbaby.com
2845212771,Rose Feehily,rfeehilyaj@reuters.com
3737533176,Gretta Raspel,graspelak@youtu.be
4708551428,Bucky Donneely,bdonneelyal@alexa.com
5578231189,Elbert Ditch,editcham@soundcloud.com
3899864755,Charlie Samwyse,csamwysean@netscape.com
8211800011,Montgomery Scotchbourouge,mscotchbourougeao@merriam-webster.com
2291128338,Sebastian Rumbellow,srumbellowap@ameblo.jp
5727437309,Shea Creamer,screameraq@redcross.org
7106468864,Son Beden,sbedenar@accuweather.com
5188705202,Penelope Telfer,ptelferas@about.me
2482989676,Amandie Longhorne,alonghorneat@bravesites.com
1482220810,Hercules Tenney,htenneyau@istockphoto.com
2562869158,Anatola Dickens,adickensav@google.ca
3835913466,Elset Gason,egasonaw@123-reg.co.uk
6114990600,Shae Paynter,spaynterax@salon.com
7151894486,Renata Seth,rsethay@cargocollective.com
3239290347,Persis Levesque,plevesqueaz@exblog.jp
2906653507,Rafaellle MacKinnon,rmackinnonb0@ifeng.com
8447315169,Ava Garnham,agarnhamb1@hibu.com
9068333644,Drusie Winram,dwinramb2@uol.com.br
4519377796,Salim Gillebride,sgillebrideb3@360.cn
5217211045,Maure Crisell,mcrisellb4@miibeian.gov.cn
6581259707,Lincoln Wind,lwindb5@alibaba.com
8191908860,Sammy Thumann,sthumannb6@sciencedirect.com
4042037432,Rollie Kift,rkiftb7@sfgate.com
3075358750,Suzy Greest,sgreestb8@thetimes.co.uk
7245995138,Riva Pridding,rpriddingb9@a8.net
2361954793,Mei Freire,mfreireba@ucla.edu
4578684585,Kele Voden,kvodenbb@sitemeter.com
6072804469,Ed Leavesley,eleavesleybc@hostgator.com
6566902466,Christen Purkess,cpurkessbd@amazon.co.jp
8034499692,Justinn Grichukhin,jgrichukhinbe@4shared.com
9048871462,Aurelie Lemerie,alemeriebf@yahoo.com
7141668435,Chalmers Ladewig,cladewigbg@aol.com
3015987520,Waylan Blaxter,wblaxterbh@nbcnews.com
7108065854,Nettle Ghirardi,nghirardibi@gnu.org
6349612,Carlen Stanion,cstanionbj@cdbaby.com
2255281379,Dixie Gittis,dgittisbk@elpais.com
2583827832,Stavro Jiri,sjiribl@usatoday.com
5623050497,Quinn Purdey,qpurdeybm@about.me
1196627071,Tulley Showl,tshowlbn@mayoclinic.com
3323745883,Cozmo Andrzejak,candrzejakbo@biblegateway.com
2654855910,Jena Littefair,jlittefairbp@delicious.com
6312086702,Ame Alpe,aalpebq@wikispaces.com
5215522697,Brent Deppe,bdeppebr@timesonline.co.uk
7711717255,Staffard Mehew,smehewbs@shutterfly.com
3488299349,Melisse Tarr,mtarrbt@hubpages.com
4189011709,Micheil Pensom,mpensombu@flickr.com
6414045862,Sibylla Salterne,ssalternebv@people.com.cn
6062750018,Gail Somerton,gsomertonbw@meetup.com
5006818425,Sallyanne Lemin,sleminbx@mysql.com
3877068742,Melvin Spicer,mspicerby@miibeian.gov.cn
8586376547,Gustaf Easter,geasterbz@tripod.com
8332437734,Benoite Swaysland,bswayslandc0@weather.com
1912103349,Lennie Mephan,lmephanc1@drupal.org
6567962402,Dita Thiese,dthiesec2@facebook.com
7045148353,Deck Carvilla,dcarvillac3@stanford.edu
9107925119,Tilly Moxted,tmoxtedc4@china.com.cn
9472857632,Lonee Keoghan,lkeoghanc5@va.gov
3151564702,Elfie Leeke,eleekec6@slashdot.org
1165899526,Luigi Trustie,ltrustiec7@mapquest.com
6359276805,Westbrooke Faloon,wfaloonc8@samsung.com
8832890228,Julietta Silmon,jsilmonc9@zdnet.com
2609988943,Anthiathia Sprade,aspradeca@imdb.com
3131302384,Freddy Maddrah,fmaddrahcb@clickbank.net
6129234767,Marcela Carradice,mcarradicecc@apache.org
2639360464,Dedra Nudds,dnuddscd@usatoday.com
4864325850,Merwyn Atyeo,matyeoce@bravesites.com
2145731664,Lissa Battaille,lbattaillecf@cbsnews.com
1709730624,Sharron Stebbings,sstebbingscg@smh.com.au
2147206386,Ward Hymor,whymorch@dagondesign.com
2336269579,Bonny Splain,bsplainci@networkadvertising.org
3487487639,Barnaby Keach,bkeachcj@japanpost.jp
5452219560,Darcee Archibould,darchibouldck@examiner.com
6865884408,Filide Caddens,fcaddenscl@purevolume.com
4784050487,Nicholle Ellis,nelliscm@webmd.com
7079130921,Vincents Allinson,vallinsoncn@ehow.com
3382507558,Lorie Tremayne,ltremayneco@w3.org
4182166964,Shawn Clewett,sclewettcp@google.it
8752302607,Koo Billion,kbillioncq@wunderground.com
8613410324,Paxon Crockett,pcrockettcr@marketwatch.com
4045784192,Alix Engall,aengallcs@ehow.com
6461297165,Titus Bance,tbancect@privacy.gov.au
5569852115,Melinde Cantos,mcantoscu@yahoo.com
5899118169,Todd Cronkshaw,tcronkshawcv@gravatar.com
8338918613,Raul Sanford,rsanfordcw@hud.gov
1937266360,Marris Garmons,mgarmonscx@liveinternet.ru
3292873456,Tamar Heino,theinocy@surveymonkey.com
4993796863,Sammy Tyce,stycecz@va.gov
9828544843,Britni Meugens,bmeugensd0@acquirethisname.com
2422813075,Lynnelle Sijmons,lsijmonsd1@slideshare.net
8472466406,Barron Stockney,bstockneyd2@arstechnica.com
6528687628,Jacquelin Storr,jstorrd3@behance.net
5251801404,Violet Collimore,vcollimored4@wix.com
4788237799,Carrie Massow,cmassowd5@walmart.com
5527785088,Farrand McQuin,fmcquind6@umn.edu
9279213066,Raul Hallard,rhallardd7@shutterfly.com
9841077476,Sheelagh McCurdy,smccurdyd8@about.com
3233280188,Pammi Jerram,pjerramd9@hexun.com
8145077616,Clevey Robelin,crobelinda@sohu.com
5067390234,Leoine Hairs,lhairsdb@hostgator.com
7747524471,Odele Cleary,oclearydc@usa.gov
9664240428,Julie Anstie,janstiedd@1688.com
3202160125,Enoch Bruin,ebruinde@harvard.edu
1499749021,Sula Galle,sgalledf@163.com
3557551193,Mona Bahia,mbahiadg@gravatar.com
7272804029,Kellia Grishunin,kgrishunindh@bbc.co.uk
8872855855,Henriette Willoughby,hwilloughbydi@independent.co.uk
7817457646,Hansiain Screen,hscreendj@wisc.edu
5962163539,Windham Budcock,wbudcockdk@state.tx.us
9802339315,Mia Barday,mbardaydl@geocities.jp
6375661214,Corrie Edel,cedeldm@google.pl
8255252299,Rebecca Longea,rlongeadn@unc.edu
7429848199,Frazier Thouless,fthoulessdo@imageshack.us
9258630227,Nara Tunnadine,ntunnadinedp@google.com.br
1596876317,Chariot Marchi,cmarchidq@google.com.hk
6799111741,Ulysses Thurstan,uthurstandr@etsy.com
3071409619,Rayshell Maplethorpe,rmaplethorpeds@eepurl.com
5711056562,Gae Ivanyutin,givanyutindt@huffingtonpost.com
7671974790,Cary McCole,cmccoledu@nymag.com
8952447253,Van Chalk,vchalkdv@smugmug.com
6721632703,Abner Bruster,abrusterdw@miibeian.gov.cn
4233733842,Ede Pickerell,epickerelldx@livejournal.com
7039912132,Torrie Graalman,tgraalmandy@google.pl
2288160804,Holli Borkin,hborkindz@mapy.cz
7018836130,Edgar Vela,evelae0@myspace.com
2902563800,Dudley Quinnet,dquinnete1@bloomberg.com
2497711016,Bordy Smead,bsmeade2@usgs.gov
5372281692,Reed Walkinshaw,rwalkinshawe3@ycombinator.com
9712104050,Sunny Jansie,sjansiee4@networksolutions.com
1263333214,Tani Peeke,tpeekee5@google.ru
1562511415,Benoit Cumbridge,bcumbridgee6@t-online.de
5604048734,Tirrell Arminger,tarmingere7@qq.com
1508869697,Chelsie Place,cplacee8@google.de
4181584161,Roselin Tocknell,rtocknelle9@ed.gov
2105908653,Harbert Sherbrook,hsherbrookea@hubpages.com
7901353195,Osgood Bailes,obaileseb@51.la
9599439181,Hoyt Brise,hbriseec@github.com
5068643190,Mack Sancto,msanctoed@moonfruit.com
3621094334,Neils Hanselmann,nhanselmannee@shareasale.com
9993031690,Arnie Pharro,apharroef@slideshare.net
7156218786,Lorry Cordey,lcordeyeg@ehow.com
3679303654,Inglis Dalziel,idalzieleh@auda.org.au
1908934782,Lesley Cronkshaw,lcronkshawei@cargocollective.com
6737917168,Crissie Langstone,clangstoneej@howstuffworks.com
2732113655,Roderich Keady,rkeadyek@walmart.com
2442360933,Angie Elijah,aelijahel@google.cn
1208645387,Marabel Navarre,mnavarreem@whitehouse.gov
8477940874,Clim Kantor,ckantoren@prnewswire.com
8758664537,Sheelah Dranfield,sdranfieldeo@so-net.ne.jp
8972867684,Noella McCreery,nmccreeryep@rakuten.co.jp
9632800188,Valaria Ruvel,vruveleq@instagram.com
2861057036,Crystal Phillip,cphilliper@salon.com
2432122542,Ophelia Tournie,otourniees@who.int
7388432787,Rosette Duffy,rduffyet@businessweek.com
5235727422,Lesley Lownes,llowneseu@fc2.com
1909558689,Paulie Filipputti,pfilipputtiev@deliciousdays.com
1328086599,Rockie Gabrieli,rgabrieliew@ow.ly
6052790176,Elsworth Mockett,emockettex@tuttocitta.it
1239083356,Ferguson Wands,fwandsey@cpanel.net
9023361110,Pate Mehmet,pmehmetez@ft.com
5477739648,Doyle Hargraves,dhargravesf0@devhub.com
5958280005,Ambrose Millgate,amillgatef1@wikia.com
8822249370,Gavra Kerby,gkerbyf2@howstuffworks.com
1119138285,Caspar Downage,cdownagef3@mozilla.com
9326353179,Dermot Bowditch,dbowditchf4@wsj.com
6196296686,Jocelyn Geeves,jgeevesf5@businesswire.com
1123311986,Marjory Pischoff,mpischofff6@list-manage.com
1016011322,Zandra Lye,zlyef7@e-recht24.de
6178247095,Gan Schonfelder,gschonfelderf8@clickbank.net
8636933109,Stefan Leaton,sleatonf9@naver.com
8577963281,Lacee Coppledike,lcoppledikefa@free.fr
2908301653,Fayina Mewhirter,fmewhirterfb@1688.com
2586082667,Suzie Everington,severingtonfc@va.gov
8309697412,Gates Gillbard,ggillbardfd@fc2.com
8244135437,Joey Gentle,jgentlefe@blogs.com
3856718693,Zacherie Juares,zjuaresff@sun.com
5062381287,Thalia Worham,tworhamfg@europa.eu
5635707518,Fletcher Baugh,fbaughfh@census.gov
6438542595,Loydie Pavinese,lpavinesefi@ycombinator.com
1077530175,Arley Tompkin,atompkinfj@cargocollective.com
6525007064,Petronille Katte,pkattefk@scientificamerican.com
4064162932,Madelina Allsup,mallsupfl@com.com
5103115493,Jone Mensler,jmenslerfm@economist.com
4342113680,Renado Piniur,rpiniurfn@shop-pro.jp
8584162050,Delly Renault,drenaultfo@barnesandnoble.com
7321066754,Vivi Eixenberger,veixenbergerfp@soundcloud.com
7259991074,Sandy Pierucci,spieruccifq@cnn.com
7491489805,Hally De Biasi,hdebiasifr@cnn.com
3051540570,Seward Rosenbush,srosenbushfs@reuters.com
1365621600,Lauri Bricket,lbricketft@skype.com
9013804576,Anni Morden,amordenfu@cdbaby.com
3666162585,Pierce Dana,pdanafv@mayoclinic.com
7744683727,Sydel Abdon,sabdonfw@tmall.com
1983477920,Kerry Hing,khingfx@telegraph.co.uk
2297516660,Quint Weatherburn,qweatherburnfy@nps.gov
8181313610,Verne Vize,vvizefz@answers.com
5539372301,Wright Bremley,wbremleyg0@indiegogo.com
5484315213,Lowe Dusting,ldustingg1@yale.edu
7994949988,Jordana Cawse,jcawseg2@unicef.org
4106591684,Rhett Skelding,rskeldingg3@guardian.co.uk
7387285956,Anson Alexandrou,aalexandroug4@yellowbook.com
6758575076,Phyllys Cast,pcastg5@umich.edu
9113118372,Anastassia Sandercock,asandercockg6@altervista.org
8208491245,Zach Learie,zlearieg7@huffingtonpost.com
2363658196,Justinn Wyldes,jwyldesg8@baidu.com
7569944425,Craig Quodling,cquodlingg9@ucsd.edu
3523350575,Polly Ruske,pruskega@hao123.com
2441405921,Lukas Eymor,leymorgb@google.fr
7727897598,Mara Whitmarsh,mwhitmarshgc@intel.com
2689503366,Arturo Di Meo,adimeogd@istockphoto.com
5422073302,Reggie Martinek,rmartinekge@aol.com
5033184571,Obadiah Dielhenn,odielhenngf@about.com
9382044785,Mickie Ferriman,mferrimangg@youtu.be
8914545199,Elna Ashpital,eashpitalgh@dagondesign.com
4345144220,Adrianne MacConnulty,amacconnultygi@japanpost.jp
6926310934,Mirabel Carthy,mcarthygj@cafepress.com
4059169120,Matthias Arnot,marnotgk@gravatar.com
4739758617,Hyacinthie Toping,htopinggl@goo.ne.jp
3739316296,Merrick Thinn,mthinngm@seattletimes.com
5828981743,Carlo Murdoch,cmurdochgn@mediafire.com
5098568360,Tara Pellamont,tpellamontgo@quantcast.com
7357618998,Alyson Mosdill,amosdillgp@mlb.com
7767178481,Catlee Bellsham,cbellshamgq@patch.com
8351037830,Nilson Ghidotti,nghidottigr@omniture.com
7048198274,Ivar Crankshaw,icrankshawgs@discovery.com
6041050206,Clayson Sagar,csagargt@mapy.cz
6213057819,Elly Udale,eudalegu@bbb.org
1155822714,Glenda McCardle,gmccardlegv@columbia.edu
2139309668,Ira Masdin,imasdingw@narod.ru
9715113968,Donica Danielot,ddanielotgx@un.org
6703692754,Ursuline Dury,udurygy@ask.com
5934773641,Jacquie Groomebridge,jgroomebridgegz@xinhuanet.com
4669982223,Hazlett Preshaw,hpreshawh0@google.co.jp
8686149996,Gusella Terbrugge,gterbruggeh1@seattletimes.com
3173422992,Annemarie Bowsher,abowsherh2@gizmodo.com
4547385770,Magdalena Palmer,mpalmerh3@seesaa.net
8919545332,Michel Slater,mslaterh4@phoca.cz
8371429110,Mureil Bimson,mbimsonh5@youku.com
8019854084,Kin Atterbury,katterburyh6@ezinearticles.com
6258867471,Warner Spratley,wspratleyh7@yahoo.com
3524790050,Daryle Croysdale,dcroysdaleh8@biblegateway.com
6092535981,Luella Lapthorn,llapthornh9@narod.ru
6757326646,Christi Irdale,cirdaleha@xing.com
6749047390,Tommy Shields,tshieldshb@stanford.edu
7869892914,Margareta Silberschatz,msilberschatzhc@cbc.ca
6063859060,Dynah Farnaby,dfarnabyhd@flavors.me
1493448345,Karyn Boullen,kboullenhe@sun.com
9077848089,Ty Tees,tteeshf@ox.ac.uk
6706657770,Nancee Weight,nweighthg@google.com.au
6539448630,Linus Purslow,lpurslowhh@parallels.com
4258810713,Salomone Roberson,srobersonhi@ucla.edu
9176342088,Brodie Wenban,bwenbanhj@etsy.com
7253730624,Gregg Knevit,gknevithk@gov.uk
6793698778,Glynda Mazillius,gmazilliushl@google.com.br
3455565276,Merissa Doring,mdoringhm@rambler.ru
7226758669,Blondie Vines,bvineshn@washington.edu
1394346635,Neila Aleso,nalesoho@europa.eu
3998468761,Evyn Jardine,ejardinehp@engadget.com
1685690947,Monica Crosston,mcrosstonhq@1und1.de
8343917430,Aldon Gatherer,agathererhr@163.com
9704019941,Eldin Lackey,elackeyhs@nature.com
8478021064,Alyss Aberdein,aaberdeinht@china.com.cn
7805310870,Lorain Eatock,leatockhu@whitehouse.gov
7525183924,Inger Timcke,itimckehv@unc.edu
1238197184,Cherianne Bixley,cbixleyhw@jimdo.com
7834223736,Rhys Barlace,rbarlacehx@hc360.com
3477104354,Law Megarrell,lmegarrellhy@biglobe.ne.jp
9769483235,Israel Klulicek,iklulicekhz@washingtonpost.com
4677841781,Carmelia Catto,ccattoi0@businesswire.com
2463090397,Tann Vowells,tvowellsi1@pinterest.com
1336105430,Quint Tomadoni,qtomadonii2@hatena.ne.jp
4483036661,Nikolaus Glazyer,nglazyeri3@sakura.ne.jp
2865693977,Aubry Brook,abrooki4@t.co
3209406313,Wyatan Toffanini,wtoffaninii5@washington.edu
8396135215,Alexis Vassman,avassmani6@comcast.net
7614288145,Dennet Tattersill,dtattersilli7@vimeo.com
3522979974,Brannon Trevithick,btrevithicki8@ezinearticles.com
3072877950,Susanne Fairweather,sfairweatheri9@forbes.com
8189631564,Shermie Elliston,sellistonia@flavors.me
1569132889,Lena Walczynski,lwalczynskiib@google.co.jp
6965009015,Hernando Tendahl,htendahlic@boston.com
7915109036,Maurizia Vasilechko,mvasilechkoid@squidoo.com
1227382967,Elmo Tinham,etinhamie@canalblog.com
2297029249,Ronny Cardello,rcardelloif@merriam-webster.com
6161217118,Bethena Jacobs,bjacobsig@freewebs.com
4804021239,Jamesy Betty,jbettyih@dion.ne.jp
6998799595,Haleigh Grocott,hgrocottii@shutterfly.com
3944977116,Uta Overington,uoveringtonij@mit.edu
2102592711,Dewain Gallon,dgallonik@mac.com
6554961132,Renee Ledgeway,rledgewayil@reference.com
1422973179,Orly Liddon,oliddonim@washingtonpost.com
3473490754,Flin Gemlett,fgemlettin@sourceforge.net
4464423701,Pepito Featherstonehaugh,pfeatherstonehaughio@nifty.com
4547578385,Wrennie Knevett,wknevettip@cisco.com
5838547278,Stafford Tuftin,stuftiniq@baidu.com
2112347786,Nickola Klainman,nklainmanir@noaa.gov
7163470380,Eliot O'Farris,eofarrisis@slashdot.org
7858016689,Fidelity Van der Brug,fvanderbrugit@google.ca
2338220664,Shamus Rodolfi,srodolfiiu@paypal.com
1902736891,Bella Pattesall,bpattesalliv@vk.com
7749750176,Richmond Squibbs,rsquibbsiw@hubpages.com
9943050255,Donny Beal,dbealix@comcast.net
6581204276,Ellis Charlson,echarlsoniy@businessweek.com
5196262631,Ruprecht Cana,rcanaiz@cdc.gov
6386164702,Lacee Duly,ldulyj0@wikispaces.com
4179745960,Antonina Croote,acrootej1@unesco.org
9579613162,Urban Blaxlande,ublaxlandej2@usda.gov
3477488995,Euell Stannion,estannionj3@xing.com
7414197993,Ulrike Hemstead,uhemsteadj4@myspace.com
9447436485,Claude Buggs,cbuggsj5@dell.com
4731341773,Eldredge de Marco,edemarcoj6@mozilla.org
7742819369,Andras Losselyong,alosselyongj7@printfriendly.com
3431880160,Hartwell Dimmer,hdimmerj8@princeton.edu
1971686362,Corey Reede,creedej9@wunderground.com
2545721950,Alvie Schach,aschachja@google.com.br
8571776933,Tabbi Mundwell,tmundwelljb@elegantthemes.com
2136541988,Normand Mattson,nmattsonjc@github.com
2907049723,Dolly Fuggle,dfugglejd@go.com
8014420760,Phebe Birchenhead,pbirchenheadje@amazon.co.jp
1448724208,Franklyn Ridley,fridleyjf@imgur.com
7498056084,Diahann Rustich,drustichjg@tinyurl.com
9869285496,Lancelot Eddies,leddiesjh@mac.com
7573536952,Gaye Wandrich,gwandrichji@usda.gov
4285522572,Scottie Milleton,smilletonjj@clickbank.net
3602025005,Mathilda Brabender,mbrabenderjk@creativecommons.org
2028754996,Rica Wilkenson,rwilkensonjl@zdnet.com
5302073278,Zackariah Brundell,zbrundelljm@skype.com
7746404979,Tabby Daintry,tdaintryjn@hud.gov
6324186158,Yettie Mackison,ymackisonjo@state.gov
9646040058,Klement Syphus,ksyphusjp@freewebs.com
6148082086,Elliot Eastcott,eeastcottjq@shutterfly.com
9629898096,Dedra Moakes,dmoakesjr@un.org
9192300056,Vivianne Benedicto,vbenedictojs@eventbrite.com
5152468699,Araldo Braunlein,abraunleinjt@cbsnews.com
6601527487,Zebadiah Fanti,zfantiju@is.gd
2196232958,Biddie McCloid,bmccloidjv@gov.uk
7964856165,Timmie Roast,troastjw@constantcontact.com
9705895403,Cirillo McNalley,cmcnalleyjx@behance.net
1381598531,Ronda Snasel,rsnaseljy@paypal.com
5965782401,Giraldo Tineman,gtinemanjz@usa.gov
2429928420,Cary Leyband,cleybandk0@cdc.gov
8976127383,Ardeen Radbourn,aradbournk1@soundcloud.com
2278563994,Kizzee Kerton,kkertonk2@indiatimes.com
7292037911,Falkner Pestell,fpestellk3@xinhuanet.com
7929337067,Clifford Dunbobin,cdunbobink4@liveinternet.ru
8213651010,Gottfried Ruckman,gruckmank5@sphinn.com
8779069417,Noel Baiyle,nbaiylek6@exblog.jp
4044194169,Margret McGaughie,mmcgaughiek7@ameblo.jp
8142101144,Jaquelin Penhaligon,jpenhaligonk8@quantcast.com
1766135499,Kissiah Suttie,ksuttiek9@gov.uk
9795087724,Krystal Cornock,kcornockka@twitter.com
1291853039,Vinny Cess,vcesskb@furl.net
1017648206,Carlie Lambin,clambinkc@youtube.com
9433639659,Francyne Dellow,fdellowkd@sbwire.com
2324781902,Bruno Wackly,bwacklyke@mediafire.com
1186742196,Enoch Catley,ecatleykf@sphinn.com
6248581619,Joyous Hanlon,jhanlonkg@typepad.com
3017238554,Win Kleimt,wkleimtkh@dropbox.com
5124222561,Reid Trice,rtriceki@cnn.com
8313392497,Meredeth Denver,mdenverkj@msn.com
9179471451,Chrystel Calam,ccalamkk@apple.com
2283601609,Kendra McCowan,kmccowankl@friendfeed.com
8495248932,Nev Doyley,ndoyleykm@geocities.jp
6791460575,Gaby Cox,gcoxkn@pinterest.com
9378420132,Brittni Riccelli,briccelliko@thetimes.co.uk
1574936248,Celia Fabler,cfablerkp@ameblo.jp
3943750968,Josephina Spollen,jspollenkq@tamu.edu
9619722467,Tanhya Pidon,tpidonkr@canalblog.com
1882596363,Durand Mifflin,dmifflinks@csmonitor.com
6615228282,Cristine Penticoot,cpenticootkt@smugmug.com
4141409842,Chelsae Lindstrom,clindstromku@soup.io
6959803725,Cooper Echalie,cechaliekv@usnews.com
2484812080,Lombard Skillicorn,lskillicornkw@prlog.org
7086852660,Wenonah Jacqueminet,wjacqueminetkx@gmpg.org
8493092074,Durand Dunnaway,ddunnawayky@japanpost.jp
5357303734,Allene Deabill,adeabillkz@twitter.com
3809523592,Joly Leigh,jleighl0@sciencedirect.com
7509383307,Orlan Pittford,opittfordl1@blogs.com
5076915107,Gregoor Milham,gmilhaml2@google.fr
8061745973,Gage Bristoe,gbristoel3@boston.com
8139478597,Lexi Astlet,lastletl4@bizjournals.com
9501081513,Pavla Boots,pbootsl5@hubpages.com
8636677094,Merrielle MacGebenay,mmacgebenayl6@sakura.ne.jp
3274378834,Merrill Breffit,mbreffitl7@constantcontact.com
6229009381,Murial Campes,mcampesl8@cbc.ca
5103838860,Babara Wintour,bwintourl9@weather.com
8193241502,Val Muccino,vmuccinola@artisteer.com
3574131029,Kerri Birkbeck,kbirkbecklb@bing.com
1454997925,Herold Downs,hdownslc@liveinternet.ru
8884106745,Mair Towe,mtoweld@pbs.org
2721759517,Lester Flippini,lflippinile@pen.io
2965458790,Christoph Graybeal,cgraybeallf@ihg.com
2866618006,Lawrence Stoak,lstoaklg@about.com
1429289667,Yvonne Downham,ydownhamlh@answers.com
5464551240,Denni Phelan,dphelanli@feedburner.com
7559531605,Netti Cranmor,ncranmorlj@behance.net
8321348326,Charles Frankiewicz,cfrankiewiczlk@nydailynews.com
2358904062,Monique Purtell,mpurtellll@virginia.edu
5198613486,Terra Bruinemann,tbruinemannlm@feedburner.com
3098190832,Daryn Frangleton,dfrangletonln@wikia.com
8368258861,Ezechiel Guitton,eguittonlo@google.co.uk
3715301560,Nanice Tovey,ntoveylp@weibo.com
2318402387,Cy Clipston,cclipstonlq@nba.com
8969621457,Niel Anmore,nanmorelr@e-recht24.de
2652030101,Karita Sekulla,ksekullals@last.fm
4144309880,Felike Flintuff,fflintufflt@gov.uk
7009975538,Adrian Kerwin,akerwinlu@shareasale.com
6567826088,Lorine Eshelby,leshelbylv@bizjournals.com
4064681005,Torin Merriott,tmerriottlw@51.la
9937225929,Konstantin Ovett,kovettlx@alexa.com
2935653656,Beverley Louedey,blouedeyly@i2i.jp
3346133554,Jacquenette Stanluck,jstanlucklz@mozilla.org
3493643990,Montague Crace,mcracem0@ehow.com
3245064431,Gerrilee Labram,glabramm1@businessinsider.com
2432055772,Selig Greatbatch,sgreatbatchm2@mediafire.com
8521439265,Archibaldo Agerskow,aagerskowm3@cocolog-nifty.com
6153267071,Carlotta Traynor,ctraynorm4@shareasale.com
8711191152,Anthony Angear,aangearm5@ow.ly
5555218100,Rufus Cud,rcudm6@bravesites.com
2877872493,Even Blackborow,eblackborowm7@barnesandnoble.com
9828748780,Perren Coaten,pcoatenm8@bloglines.com
8371991334,Dominique Tull,dtullm9@fda.gov
5007207454,Stan Dillistone,sdillistonema@amazon.com
5972909211,Gonzales Fraanchyonok,gfraanchyonokmb@dmoz.org
7272655425,Ramsey Dawney,rdawneymc@businesswire.com
9485017583,Rosa Rowcastle,rrowcastlemd@phpbb.com
5874558452,Shay Coultish,scoultishme@sogou.com
9934524871,Denni De Filippi,ddefilippimf@reverbnation.com
6313691393,Clovis Saunier,csauniermg@seesaa.net
9544510065,Ealasaid Rodenhurst,erodenhurstmh@google.pl
1597374378,Trina Andrelli,tandrellimi@baidu.com
4151689857,Eduino Lilleyman,elilleymanmj@dell.com
3787119142,Milka Yesichev,myesichevmk@wsj.com
2665230967,Winfield Alennikov,walennikovml@weebly.com
9243302541,Jonas Ockwell,jockwellmm@sakura.ne.jp
3553983412,Missy Wormald,mwormaldmn@studiopress.com
6714039069,Sig Schule,sschulemo@cyberchimps.com
9778654284,Ashlee Pettis,apettismp@sohu.com
7635879440,Brewster Garie,bgariemq@sakura.ne.jp
9497434216,Leodora Cumesky,lcumeskymr@npr.org
9808215857,Georgette O'Farrell,gofarrellms@dmoz.org
9569528018,Arthur Sawnwy,asawnwymt@hc360.com
7939784091,Rochell Girvin,rgirvinmu@joomla.org
7364707230,Tait Wardrop,twardropmv@wordpress.org
6608094148,Carlin Epsley,cepsleymw@vk.com
5626732822,Barn Spoure,bspouremx@123-reg.co.uk
7802824366,Yanaton Dudliston,ydudlistonmy@unesco.org
9606906281,Tonya Tatteshall,ttatteshallmz@chron.com
9298648248,Tamar Allenson,tallensonn0@ibm.com
4432476814,Sayre Schultze,sschultzen1@about.com
7451425233,Sonia Orkney,sorkneyn2@unblog.fr
7799231975,Torry Mundie,tmundien3@mashable.com
3479938312,Feliks Sandle,fsandlen4@bizjournals.com
8025559415,Talbot Paull,tpaulln5@zimbio.com
7872261083,Dewain Blackborne,dblackbornen6@mediafire.com
4731889530,Maximilien Darrigoe,mdarrigoen7@shinystat.com
9691153606,Zerk McTrustam,zmctrustamn8@ed.gov
5167108680,Nancey Barthelme,nbarthelmen9@qq.com
8746186104,Sterling Tunn,stunnna@163.com
3783679875,Pietrek Bortolomei,pbortolomeinb@macromedia.com
9588432797,Freeman Livesey,fliveseync@upenn.edu
4772696408,Bogey Vaines,bvainesnd@mlb.com
2917526615,Myca Harry,mharryne@cnn.com
9707161123,Beatrisa Croxley,bcroxleynf@psu.edu
8364676867,Abra Louisot,alouisotng@loc.gov
7347046644,Monte Barrass,mbarrassnh@fotki.com
3888904865,Brenda O'Connor,boconnorni@istockphoto.com
9414063506,Daryle Ransfield,dransfieldnj@youtube.com
2644870697,Jo Steketee,jsteketeenk@cmu.edu
5256264116,Valeria Burgill,vburgillnl@t-online.de
3123918826,Harriott McIlmorie,hmcilmorienm@tiny.cc
8111649208,Rachael Feldhammer,rfeldhammernn@cmu.edu
2616368444,Merla Duggan,mdugganno@mediafire.com
1311031136,Jefferey Kilsby,jkilsbynp@rediff.com
5177498079,Shani Orsi,sorsinq@eepurl.com
8021187590,Kristel Ruppertz,kruppertznr@fotki.com
3218571699,Tobi De Domenico,tdedomenicons@reference.com
6868591264,Carmine Kolodziejski,ckolodziejskint@ycombinator.com
5168761815,Riobard Klaiser,rklaisernu@mtv.com
5969331411,Torey Peare,tpearenv@google.com.hk
7645468347,Hedi Stebbins,hstebbinsnw@ucsd.edu
1548269284,Dodie Main,dmainnx@ucla.edu
4061286988,Zechariah Kerford,zkerfordny@ucoz.com
9115163757,Coletta Schaffel,cschaffelnz@meetup.com
8912147564,Karly Haukey,khaukeyo0@cocolog-nifty.com
2068808038,Tawnya Jakubovits,tjakubovitso1@ucoz.com
5389939431,Miriam Langford,mlangfordo2@ebay.co.uk
1592699963,Shandeigh Falkus,sfalkuso3@fc2.com
7479738221,Alyss Kennard,akennardo4@prlog.org
6064231977,Gae Menelaws,gmenelawso5@arstechnica.com
6313759309,Ajay Blague,ablagueo6@blogspot.com
9894809727,Gibb Mayzes,gmayzeso7@dot.gov
3483758691,Frans Hamber,fhambero8@webnode.com
1603821013,Torie Nabarro,tnabarroo9@imageshack.us
5708231353,Bondy McCluskey,bmccluskeyoa@ning.com
9156035621,Loren Jakeman,ljakemanob@webeden.co.uk
1509576117,Durward Pendlenton,dpendlentonoc@storify.com
8554487269,Britt Etherington,betheringtonod@theguardian.com
3922260343,Gwyneth Levick,glevickoe@nbcnews.com
3216002055,Anselm Waterland,awaterlandof@uiuc.edu
4345392299,Petronilla McLinden,pmclindenog@twitpic.com
2375144762,Hartley Buttwell,hbuttwelloh@ocn.ne.jp
6435162113,Kellie Seagar,kseagaroi@issuu.com
4773742033,Den Mahmood,dmahmoodoj@51.la
1386798802,Vite Mugglestone,vmugglestoneok@mail.ru
7091173559,Myriam Pendrill,mpendrillol@irs.gov
8493696733,Jacob Moret,jmoretom@patch.com
7403002595,Karlee Hallitt,khallitton@nba.com
9258321094,Felice Sleight,fsleightoo@eventbrite.com
2552566364,Nerti Dysart,ndysartop@etsy.com
5059007228,Jarrad Tranckle,jtranckleoq@thetimes.co.uk
5749241098,Ellerey Lovick,elovickor@hud.gov
5418226438,Wilma Newlin,wnewlinos@sitemeter.com
4866231659,Winfred Durgan,wdurganot@google.com
2884732441,Ricca Cupper,rcupperou@imageshack.us
4214033380,Livia McLarty,lmclartyov@icio.us
4015523559,Bobby Bonnett,bbonnettow@archive.org
3016243237,Braden Gregorin,bgregorinox@slate.com
3397949283,Theressa Batchelar,tbatchelaroy@ask.com
7157250127,Barnett Mapes,bmapesoz@e-recht24.de
9343698335,Donnajean Symcox,dsymcoxp0@techcrunch.com
5553792492,Quent Tebbit,qtebbitp1@europa.eu
8029541096,Langsdon Ochterlony,lochterlonyp2@blogtalkradio.com
2173153486,Tierney Bouchier,tbouchierp3@issuu.com
6266435201,Sal Hynard,shynardp4@freewebs.com
6853442039,Kalli Bissett,kbissettp5@blog.com
1715594719,Ailene Jurczik,ajurczikp6@forbes.com
1833094663,Shina Wilds,swildsp7@moonfruit.com
2811527828,Reamonn Bruyet,rbruyetp8@time.com
4549594554,Gordy Godart,ggodartp9@imdb.com
8434377247,Vanda Castelyn,vcastelynpa@facebook.com
5384289611,Brian Alison,balisonpb@dmoz.org
2866438732,Wilbur Zanardii,wzanardiipc@boston.com
4913807650,Merrel Peatt,mpeattpd@google.it
2478424831,Valaree Stiegers,vstiegerspe@networksolutions.com
6973416203,Wilona McQuade,wmcquadepf@patch.com
8837441100,Terese Abela,tabelapg@statcounter.com
1848220609,Holli Kirsche,hkirscheph@sohu.com
6807488646,Garek Ortner,gortnerpi@pcworld.com
4063795422,Justine Conaghan,jconaghanpj@mediafire.com
5618022181,Eydie Cason,ecasonpk@opensource.org
7859948530,Aldrich Quye,aquyepl@smugmug.com
3709557324,Irvin Minchi,iminchipm@constantcontact.com
7917363215,Jon Farmery,jfarmerypn@fotki.com
6902661199,Annadiane Cosley,acosleypo@sourceforge.net
6402078071,Riva Domeny,rdomenypp@goodreads.com
6417406134,Ricard Clemencon,rclemenconpq@privacy.gov.au
9985911875,Wendell Barriball,wbarriballpr@engadget.com
2501607876,Normie Chattington,nchattingtonps@latimes.com
9392995461,Dewitt Thow,dthowpt@jiathis.com
4506083950,Lebbie Klebes,lklebespu@de.vu
9592535484,Auguste Snelling,asnellingpv@sina.com.cn
7068267502,Antonino Aitkenhead,aaitkenheadpw@salon.com
4999041401,Brunhilda Jarvie,bjarviepx@webs.com
4581149337,Ty Isles,tislespy@techcrunch.com
3668140213,Jerri Wallhead,jwallheadpz@twitpic.com
7544213652,Nita Aronsohn,naronsohnq0@abc.net.au
7749746216,Kennett Doale,kdoaleq1@boston.com
4254885154,Ginelle Drinkhall,gdrinkhallq2@1und1.de
1796241319,Odie Keys,okeysq3@wix.com
6357502555,Courtney Dressell,cdressellq4@mlb.com
3008842480,Cheston Kenset,ckensetq5@jiathis.com
6387139349,Adiana Yerbury,ayerburyq6@walmart.com
9074219802,Malanie Swift,mswiftq7@examiner.com
4443865682,Madelina Cowdray,mcowdrayq8@myspace.com
6713405332,Hallsy Blacklidge,hblacklidgeq9@behance.net
6568472805,Ursola Radoux,uradouxqa@technorati.com
8112158084,Shepard Reames,sreamesqb@yolasite.com
7514077343,Josefa Hartington,jhartingtonqc@thetimes.co.uk
6383868842,Jae Labrom,jlabromqd@psu.edu
5667947432,Emilie Boylan,eboylanqe@instagram.com
9347080895,Rebeka Feavers,rfeaversqf@tuttocitta.it
9886396843,Maisey Leyland,mleylandqg@woothemes.com
4549621856,Brew Boffin,bboffinqh@theatlantic.com
9168967104,Jemima Beavan,jbeavanqi@columbia.edu
7704282745,Loralee Polini,lpoliniqj@weather.com
3504647001,Elwood Matschke,ematschkeqk@microsoft.com
8073309829,Janelle Wixon,jwixonql@cmu.edu
2251010542,Phyllys Windybank,pwindybankqm@pbs.org
6456062970,Geno Alforde,galfordeqn@t-online.de
9219257967,Corliss Newby,cnewbyqo@netlog.com
3839196103,Marnie Gargett,mgargettqp@ovh.net
6871277078,Libbie Littefair,llittefairqq@prnewswire.com
1226078347,Dulcy Shrubb,dshrubbqr@abc.net.au
3277701632,Olympie Blazy,oblazyqs@studiopress.com
9428634025,Cairistiona Waller-Bridge,cwallerbridgeqt@census.gov
1012121744,Saundra Riggert,sriggertqu@mapy.cz
6182389066,Ray Jess,rjessqv@virginia.edu
8213251455,Chrisse O'Doherty,codohertyqw@indiatimes.com
1534023337,Ferdinanda Keasey,fkeaseyqx@sun.com
7429481985,Nicky Buche,nbucheqy@behance.net
8836514675,Saree Gabala,sgabalaqz@ed.gov
1426563730,Shelia Goodlake,sgoodlaker0@odnoklassniki.ru
4653096627,Galvin Phettiplace,gphettiplacer1@mlb.com
8801494141,Emera Adame,eadamer2@businesswire.com
8024837439,Ange Beslier,abeslierr3@bloglines.com
8972302773,Jeth Klemps,jklempsr4@hugedomains.com
9777244498,Erick Labusch,elabuschr5@pen.io
6783607231,Tobias Fritchley,tfritchleyr6@barnesandnoble.com
7291182200,Priscilla Tregido,ptregidor7@amazon.de
8568709959,Dru Macourek,dmacourekr8@oaic.gov.au
8735154874,Ag Justham,ajusthamr9@freewebs.com
3424506643,Mathian Aldin,maldinra@yelp.com
3844717404,Erwin Klemensiewicz,eklemensiewiczrb@amazon.com
9339519707,Judy Playfair,jplayfairrc@wired.com
3081008015,Binny Layus,blayusrd@last.fm
8178075958,Lizette Waker,lwakerre@ning.com
3916785863,Delphinia Reboulet,drebouletrf@hibu.com
9537839272,Rosalind Ansteys,ransteysrg@ft.com
9608310918,Petronia Coen,pcoenrh@stumbleupon.com
6277854846,Randi Albasiny,ralbasinyri@ihg.com
6666536709,Floris Loyndon,floyndonrj@utexas.edu
2822374957,Jillie Whymark,jwhymarkrk@opera.com
7883623673,Trev Manston,tmanstonrl@ca.gov
7209483037,Dare Pyner,dpynerrm@miibeian.gov.cn
8549102902,Mirelle Harniman,mharnimanrn@imdb.com
3304084421,Mattheus Bene,mbenero@istockphoto.com
8987355881,Cale Scrivinor,cscrivinorrp@reuters.com
3085068059,Kitty Martignon,kmartignonrq@friendfeed.com
7274026537,Ana Klejin,aklejinrr@fotki.com
